{"position":{"x":0.0,"y":74.71041107177735,"z":0.0},"rotation":{"x":0.0,"y":-0.06903141736984253,"z":0.0,"w":0.9976145029067993},"mx":14.069429397583008,"my":588.5380249023438,"currentTime":385.552978515625}