{"cameraMode":{"drawMode":0,"name":"Shaded","section":"Shading Mode"},"sceneLighting":true,"audioPlay":false,"sceneViewState":{"m_AlwaysRefresh":false,"showFog":true,"showSkybox":true,"showFlares":true,"showImageEffects":true,"showParticleSystems":true,"showVisualEffectGraphs":true,"m_FxEnabled":false},"in2DMode":false,"pivot":{"x":540.4338989257813,"y":452.7767333984375,"z":97.59677124023438},"rotation":{"x":0.024306554347276689,"y":0.012304500676691533,"z":-0.00031601061346009374,"w":0.9996495842933655},"size":482.0627746582031,"orthographic":false}