{"cameraMode":{"drawMode":0,"name":"Shaded","section":"Shading Mode"},"sceneLighting":false,"audioPlay":false,"sceneViewState":{"m_AlwaysRefresh":false,"showFog":true,"showSkybox":true,"showFlares":true,"showImageEffects":true,"showParticleSystems":true,"showVisualEffectGraphs":true,"m_FxEnabled":false},"in2DMode":false,"pivot":{"x":53.87762451171875,"y":92.90643310546875,"z":270.42803955078127},"rotation":{"x":-0.08580436557531357,"y":0.17746292054653169,"z":-0.015533438883721829,"w":-0.9802595973014832},"size":8.730632781982422,"orthographic":false}