{"cameraMode":{"drawMode":0,"name":"Shaded","section":"Shading Mode"},"sceneLighting":false,"audioPlay":false,"sceneViewState":{"m_AlwaysRefresh":false,"showFog":true,"showSkybox":true,"showFlares":true,"showImageEffects":true,"showParticleSystems":true,"showVisualEffectGraphs":true,"m_FxEnabled":false},"in2DMode":false,"pivot":{"x":964.64404296875,"y":195.64846801757813,"z":-21.94464111328125},"rotation":{"x":0.029985837638378145,"y":-0.0039014085195958616,"z":-0.00011617819836828858,"w":-0.9995466470718384},"size":238.9611358642578,"orthographic":false}