{"cameraMode":{"drawMode":0,"name":"Shaded","section":"Shading Mode"},"sceneLighting":true,"audioPlay":false,"sceneViewState":{"m_AlwaysRefresh":false,"showFog":true,"showSkybox":true,"showFlares":true,"showImageEffects":true,"showParticleSystems":true,"showVisualEffectGraphs":true,"m_FxEnabled":false},"in2DMode":false,"pivot":{"x":2.9560961723327638,"y":15.928353309631348,"z":-98.36478424072266},"rotation":{"x":0.025806663557887079,"y":0.012304098345339299,"z":-0.00032840442145243287,"w":0.9996219277381897},"size":4.611927509307861,"orthographic":false}