{"cameraMode":{"drawMode":0,"name":"Shaded","section":"Shading Mode"},"sceneLighting":false,"audioPlay":false,"sceneViewState":{"m_AlwaysRefresh":false,"showFog":true,"showSkybox":true,"showFlares":true,"showImageEffects":true,"showParticleSystems":true,"showVisualEffectGraphs":true,"m_FxEnabled":false},"in2DMode":false,"pivot":{"x":-1.1622323989868165,"y":0.7448859214782715,"z":439.3132019042969},"rotation":{"x":0.008689031936228276,"y":-0.007518143858760595,"z":-0.00007017722964519635,"w":-0.9999805688858032},"size":48.42710876464844,"orthographic":false}