{
  "position": {
    "x": 0.7328314185142517,
    "y": 70.50086212158203,
    "z": -45.596160888671878
  },
  "rotation": {
    "x": 0.0,
    "y": -0.14715582132339478,
    "z": 0.0,
    "w": -0.9891133308410645
  },
  "mx": 20.73944664001465,
  "my": 376.9241638183594,
  "currentTime": 300
}