{"position":{"x":0.2514384090900421,"y":70.50086212158203,"z":-47.17820358276367},"rotation":{"x":0.0,"y":-0.6582124829292297,"z":0.0,"w":-0.7528322339057922},"mx":25.001047134399415,"my":442.3271484375}