{"position":{"x":35.322898864746097,"y":64.50023651123047,"z":14.311737060546875},"rotation":{"x":0.0,"y":-0.1127004623413086,"z":0.0,"w":-0.9936290383338928},"mx":47.43000793457031,"my":5763.05419921875,"currentTime":95.17276763916016}