{"position":{"x":-17.381650924682618,"y":67.50157928466797,"z":-13.933943748474121},"rotation":{"x":0.0,"y":0.9958981871604919,"z":0.0,"w":-0.09048186242580414},"mx":8.557785987854004,"my":778.1868286132813}