{"position":{"x":0.0,"y":79.50080108642578,"z":0.0},"rotation":{"x":0.0,"y":0.8382003307342529,"z":0.0,"w":-0.5453624725341797},"mx":9.97868537902832,"my":2447.995849609375,"currentTime":408.5003662109375}