{"cameraMode":{"drawMode":0,"name":"Shaded","section":"Shading Mode"},"sceneLighting":false,"audioPlay":false,"sceneViewState":{"m_AlwaysRefresh":false,"showFog":true,"showSkybox":false,"showFlares":true,"showImageEffects":true,"showParticleSystems":true,"showVisualEffectGraphs":true,"m_FxEnabled":false},"in2DMode":false,"pivot":{"x":41.025238037109378,"y":-16.277860641479493,"z":-0.8159313201904297},"rotation":{"x":0.0003108011151198298,"y":0.0009258984355255961,"z":-0.000010079841558763292,"w":1.0000464916229249},"size":67.8085708618164,"orthographic":false}